86E70454-4FBE-44E8-A974-C0078054A30F,item 0,true
0CA62D44-5AC4-43FD-8023-ADE4988E8FC5,item 1,false
005DAC73-14B8-4EE3-B9CF-F684FE7E537E,item 2,true
F1BF4396-ED3D-4794-88EC-C118DCD9664B,item 3,false
06C755A2-A0EA-4511-90E1-3439268B31DB,item 4,true
9205730C-E9FC-442E-BEB9-AA0042B94611,item 5,false
2933EB5A-C1AD-4171-B6A3-ADFF90158139,item 6,true
D1BE9F7F-F788-4754-8C77-1625A1E34945,item 7,false
205DBFFD-4082-45B6-BD23-7A2197FCE522,item 8,true
D7484260-47CF-44F2-BDC7-096E24B4B321,item 9,false
73177ED4-9D41-4626-AE74-756DBE1DADB6,item 10,true
